ID,TotalSpent,Address,AddressLine2,FirstName,Surname,Email,ModifiedDate,CreatedDate
hBmTe,43,89 Warren St,BROOKLYN,Adam ,Wallace,Adam.S.Wallace@pookmail.com,14/05/2016,16/12/2015
6tGPe,37,35 Guildford Rd,COLUMBIA CITY,Alice ,Palmer,Alice.H.Palmer@pookmail.com,09/02/2016,17/12/2015
UW1sE,24,95 Temple Way,HOT SPRINGS,Amy ,Jordan,Amy.T.Jordan@dodgeit.com,06/01/2016,08/12/2015
iN53V,59,44 Monks Way,OLANTA,Ava ,Gallagher,Ava.N.Gallagher@mailinator.com,05/05/2016,02/12/2015
i52Cj,10,76 Layburn Court,QUEEN CREEK,Alfie ,Tomlinson,Alfie.R.Tomlinson@mailinator.com,31/01/2016,24/12/2015
DlVqh,32,90 Annfield Rd,DALTON,Charlie ,Bradshaw,Charlie.E.Bradshaw@mailinator.com,25/05/2016,21/12/2015
mn4Uk,99,22 Uxbridge Road,WALNUT SHADE,Brandon ,Lynch,Brandon.M.Lynch@pookmail.com,11/01/2016,27/11/2015
dv3yy,71,82 Circle Way,HUNTSVILLE,Connor ,Smith,Connor.K.Smith@dodgeit.com,05/02/2016,21/11/2015
qSTt0,39,59 City Walls Rd,SEATTLE,David ,Savage,David.C.Savage@spambob.com,17/01/2016,22/11/2015
FAIJK,29,86 Witney Way,NEW DOUGLAS,Edward ,Little,Edward.L.Little@dodgeit.com,29/01/2016,04/12/2015
MknWJ,46,30 Scotsburn Rd,JAMAICA,Ella ,Baker,Ella.L.Baker@spambob.com,20/04/2016,26/12/2015
R7eCE,62,37 Southlands Road,JAMAICA,Eve ,Richardson,Eve.J.Richardson@mailinator.com,22/05/2016,22/12/2015
A4zA2,81,77 Tonbridge Rd,DRAPER,Eloise ,Cooper,Eloise.K.Cooper@trashymail.com,05/03/2016,24/11/2015
cGNDP,11,17 Pendwyallt Road,HARRISBURG,Francesca ,Harvey,Francesca.J.Harvey@mailinator.com,04/02/2016,16/11/2015
d87V6,69,64 Layburn Court,SAINT LOUIS,Georgia ,Thorpe,Georgia.L.Thorpe@trashymail.com,01/02/2016,07/12/2015
3CRNE,76,62 Fox Lane,SAINT LOUIS,Harley ,Summers,Harley.J.Summers@trashymail.com,05/05/2016,20/12/2015
KMZWu,56,3 Guild Street,HOUSTON,Harvey ,Hewitt,Harvey.K.Hewitt@dodgeit.com,14/03/2016,20/12/2015
DiAyq,92,23 Friar Street,HOUSTON,Jack ,Hardy,Jack.H.Hardy@trashymail.com,28/04/2016,24/11/2015
plI5e,24,31 Eastbourne Rd,HOUSTON,Holly ,Saunders,Holly.F.Saunders@spambob.com,30/03/2016,14/11/2015
Hb6Jf,52,6 St Andrews Lane,AUSTIN,Jasmine ,Perkins,Jasmine.J.Perkins@spambob.com,04/07/2016,06/12/2015
Iej35,31,75 Monks Way,LANETT,Joe ,Dale,Joe.E.Dale@pookmail.com,22/01/2016,09/12/2015
z7IF4,37,44 Front Street,TEMPLE,James ,Thomas,James.N.Thomas@spambob.com,29/03/2016,10/11/2015
qon8d,73,80 Asfordby Rd,FENTON,Lara ,Rogers,Lara.J.Rogers@mailinator.com,18/01/2016,07/12/2015
Nek2k,91,56 Asfordby Rd,GRAND RAPIDS,Katie ,Fisher,Katie.A.Fisher@pookmail.com,11/04/2016,11/11/2015
jPkax,96,92 Wood Lane,MOORESTOWN,Lewis ,Owen,Lewis.R.Owen@trashymail.com,13/07/2016,09/12/2015
efff3,27,62 Broad Street,MOORESTOWN,Lola ,Browne,Lola.S.Browne@pookmail.com,25/05/2016,02/12/2015
W4NFL,90,24 Roker Terrace,GRAFTON,Lucas ,Akhtar,Lucas.L.Akhtar@pookmail.com,25/04/2016,26/11/2015
uitKi,46,41 Ivy Lane,BERRYVILLE,Leon ,Pickering,Leon.M.Pickering@dodgeit.com,15/03/2016,24/12/2015
sdYQM,34,56 Newmarket Road,ROSENBERG,Melissa ,Cartwright,Melissa.A.Cartwright@trashymail.com,15/06/2016,03/12/2015
NS3RE,76,8 Boroughbridge Road,BRIDGEPORT,Maisie ,Nicholls,Maisie.J.Nicholls@mailinator.com,01/02/2016,30/12/2015
zLGbY,13,80 Mounthoolie Lane,PASADENA,Mollie ,Cross,Mollie.L.Cross@spambob.com,30/01/2016,17/12/2015
OLhdZ,59,18 Terrick Rd,DORADO,Naomi ,Peacock,Naomi.R.Peacock@dodgeit.com,11/06/2016,01/12/2015
p1tBg,61,7 Coast Rd,HIALEAH,Noah ,Begum,Noah.Z.Begum@trashymail.com,30/04/2016,25/11/2015
7vaid,32,7 Golf Road,VALLEY VILLAGE,Olivia ,Patel,Olivia.M.Patel@mailinator.com,30/06/2016,03/11/2015
qteGE,22,33 Bridge Street,PHOENIX,Riley ,Kerr,Riley.M.Kerr@mailinator.com,04/05/2016,20/12/2015
LpmQn,31,18 Constitution St,AURORA,Patrick ,Stone,Patrick.A.Stone@trashymail.com,09/05/2016,14/12/2015
mhLgq,82,58 Haslemere Road,REMSEN,Samuel ,Iqbal,Samuel.R.Iqbal@pookmail.com,05/04/2016,06/11/2015
vOykB,82,80 Main Rd,AUSTIN,Sebastian ,Anderson,Sebastian.M.Anderson@dodgeit.com,26/06/2016,04/12/2015
qwtRC,92,99 Golf Road,DSRT HOT SPGS,Sophia ,Norman,Sophia.N.Norman@dodgeit.com,20/05/2016,24/11/2015
2Eone,51,47 Ploughley Rd,AUSTIN,Summer ,Fry,Summer.N.Fry@spambob.com,26/05/2016,10/12/2015
z4wYa,70,46 Hexham Road,HOBOKEN,Tia ,Kirk,Tia.L.Kirk@dodgeit.com,08/01/2016,27/11/2015
liq4m,93,50 Seaford Road,HOBOKEN,Zachary ,Hobbs,Zachary.T.Hobbs@dodgeit.com,07/02/2016,07/12/2015
3WwcU,82,18 Crescent Avenue,ALUM BRIDGE,Zachary ,Hicks,Zachary.P.Hicks@dodgeit.com,26/06/2016,04/12/2015
Tx5SS,17,55 Bury Rd,URBANA,Tia ,Kemp,Tia.D.Kemp@mailinator.com,11/04/2016,13/12/2015
WFrit,82,60 Consett Rd,ROUND ROCK,Adam ,Stanley,Adam.A.Stanley@dodgeit.com,19/01/2016,10/12/2015
bn4PJ,63,8 Caradon Hill,ALHAMBRA,Alice ,Mills,Alice.J.Mills@spambob.com,20/05/2016,15/11/2015
ZDv8o,26,67 Nottingham Rd,MISSOULA,Amy ,Hutchinson,Amy.F.Hutchinson@dodgeit.com,30/03/2016,01/12/2015
wex8I,17,10 Newgate Street,AUSTIN,Ava ,Faulkner,Ava.L.Faulkner@pookmail.com,30/05/2016,03/11/2015
JDlO0,27,58 Main Rd,DEXTER,Alfie ,Thomas,Alfie.B.Thomas@dodgeit.com,01/07/2016,10/12/2015
xkYfQ,72,99 Worthy Lane,FERNDALE,Charlie ,Bradley,Charlie.K.Bradley@trashymail.com,20/01/2016,02/12/2015
t7Vq4,12,35 Nith Street,POMONA,Brandon ,Lucas,Brandon.J.Lucas@pookmail.com,06/04/2016,15/12/2015
WUDIY,49,3 Caxton Place,GRANBURY,Connor ,Sims,Connor.A.Sims@trashymail.com,21/02/2016,28/12/2015
Cao1C,29,36 Ballifeary Road,PONTIAC,David ,Randall,David.J.Randall@spambob.com,14/06/2016,09/11/2015
pF6NK,16,25 Boroughbridge Road,JOHNSTOWN,Edward ,Lewis,Edward.I.Lewis@pookmail.com,13/04/2016,02/12/2015
38gKp,91,77 Fore St,LOOGOOTEE,Ella ,Austin,Ella.C.Austin@pookmail.com,16/04/2016,15/11/2015
PU6tz,67,39 Huntly Street,HORNBROOK,Eve ,Richardson,Eve.L.Richardson@pookmail.com,08/02/2016,04/12/2015
eL6rH,53,21 Folkestone Road,KENT,Eloise ,Connolly,Eloise.J.Connolly@mailinator.com,18/05/2016,23/11/2015
8HPI3,39,43 Fulford Road,PHOENIX,Francesca ,Harper,Francesca.D.Harper@trashymail.com,05/02/2016,05/12/2015
g47tM,61,27 Maidstone Road,RIVERTON,Georgia ,Stone,Georgia.K.Stone@spambob.com,05/07/2016,11/12/2015
beFz3,54,34 Newgate Street,RIVERVIEW,Harley ,Singh,Harley.E.Singh@spambob.com,27/02/2016,02/11/2015
hSYek,84,52 Fraserburgh Rd,CINCINNATI,Harvey ,Harrison,Harvey.J.Harrison@spambob.com,10/03/2016,30/12/2015
lZtDt,63,64 South Street,BONITA SPRINGS,Jack ,Griffin,Jack.P.Griffin@dodgeit.com,22/02/2016,18/12/2015
5wVom,40,93 Preston Rd,FLUSHING,Holly ,Sanderson,Holly.M.Sanderson@pookmail.com,08/04/2016,01/11/2015
4eaL3,68,71 Cunnery Rd,ARLINGTON,Jasmine ,Payne,Jasmine.S.Payne@mailinator.com,17/06/2016,25/11/2015
S3yl5,77,61 Broad Street,BRONX,Joe ,Chandler,Joe.E.Chandler@trashymail.com,14/05/2016,27/12/2015
jf2a6,79,19 Great North Road,BRONX,James ,Simpson,James.F.Simpson@mailinator.com,06/07/2016,10/11/2015
VrGaF,96,88 Horsefair Green,BRONX,Lara ,Robertson,Lara.M.Robertson@trashymail.com,16/05/2016,12/11/2015
hqjBe,18,26 Bishopthorpe Road,HOBOKEN,Katie ,Chambers,Katie.A.Chambers@mailinator.com,22/01/2016,01/12/2015
yoveh,10,87 Caerfai Bay Road,HOBOKEN,Lewis ,Oliver,Lewis.A.Oliver@pookmail.com,06/03/2016,08/12/2015
BwhKz,61,20 Jesmond Rd,HOBOKEN,Lola ,Bell,Lola.B.Bell@mailinator.com,06/01/2016,22/12/2015
iBuoI,31,55 Petworth Rd,FAYETTEVILLE,Luca ,Wright,Luca.G.Wright@mailinator.com,22/06/2016,13/11/2015
BhppK,72,85 Trehafod Road,ORLAND,Leon ,Peacock,Leon.R.Peacock@dodgeit.com,25/03/2016,04/12/2015
wthRN,85,17 Bishopthorpe Road,BROOKLYN,Melissa ,Butcher,Melissa.H.Butcher@pookmail.com,28/04/2016,06/12/2015
1MiOh,51,64 Essex Rd,PASADENA,Maisie ,Nicholls,Maisie.R.Nicholls@trashymail.com,26/01/2016,02/12/2015
lW3Ne,68,4 Castledore Road,MILLVILLE,Mollie ,Coleman,Mollie.A.Coleman@trashymail.com,24/02/2016,25/11/2015
0i7w2,27,48 Fox Lane,MISSOULA,Naomi ,Newton,Naomi.F.Newton@mailinator.com,19/04/2016,08/12/2015
WEtMn,74,59 Dunmow Road,PALATKA,Noah ,Barton,Noah.K.Barton@mailinator.com,20/03/2016,19/12/2015
ygeVH,41,24 Dover Road,PUEBLO,Olivia ,Patel,Olivia.R.Patel@mailinator.com,23/03/2016,24/12/2015
xvrfj,28,38 Hart Road,LAKEPORT,Riley ,Iqbal,Riley.J.Iqbal@mailinator.com,13/06/2016,16/11/2015
bd05P,52,36 Berkeley Rd,COLUMBIA,Patrick ,Sharpe,Patrick.F.Sharpe@mailinator.com,28/02/2016,30/11/2015
Ezxvy,85,13 Walwyn Rd,TEMPE,Samuel ,Ingram,Samuel.I.Ingram@pookmail.com,08/02/2016,14/11/2015
qWylX,37,34 Haslemere Road,HUNTSVILLE,Sebastian ,Allen,Sebastian.H.Allen@trashymail.com,08/05/2016,23/12/2015
Mhkw6,40,52 Huntly Street,MOLINE,Sophia ,Marsh,Sophia.D.Marsh@mailinator.com,23/03/2016,15/12/2015
ZDw4w,22,1 Freezeland Lane,PAGE,Summer ,Franklin,Summer.B.Franklin@dodgeit.com,15/03/2016,15/12/2015
XcbRE,80,91 Neville Street,GLENCOE,Abby ,Lord,Abby.S.Lord@pookmail.com,14/03/2016,24/11/2015
MMpe2,24,51 Broomfield Place,KATHRYN,Adam ,Bray,Adam.L.Bray@pookmail.com,28/04/2016,14/11/2015
dyXfB,94,73 Park End St,KATHRYN,Aaliyah ,Burrows,Aaliyah.R.Burrows@mailinator.com,03/05/2016,01/11/2015
2HSfz,59,42 Russell Rd,BAYONNE,Aaron ,Field,Aaron.A.Field@mailinator.com,06/06/2016,13/11/2015
fJdFF,42,46 Davids Lane,BELEN,Amber ,Stewart,Amber.J.Stewart@trashymail.com,30/04/2016,25/12/2015
64hrN,95,26 Cefn Road,HENDERSONVLLE,Amelie ,Booth,Amelie.A.Booth@mailinator.com,25/05/2016,23/12/2015
YlkVi,78,44 Mounthoolie Lane,REDMOND,Anthony ,Lee,Anthony.I.Lee@pookmail.com,05/03/2016,17/11/2015
JKQqE,67,10 Southend Avenue,LOWELL,Archie ,Kaur,Archie.M.Kaur@spambob.com,09/04/2016,14/12/2015
7j0qT,24,59 Seafield Place,SEWARD,Benjamin ,Davis,Benjamin.M.Davis@trashymail.com,16/01/2016,25/12/2015
ITAnP,71,57 Ockham Road,ELGIN,Alfie ,Bolton,Alfie.K.Bolton@mailinator.com,02/05/2016,24/12/2015
EzIUt,83,73 Whitchurch Road,BROWNWOOD,Cerys ,Hale,Cerys.C.Hale@spambob.com,02/02/2016,25/12/2015
bSw5s,38,23 South Street,THOMASVILLE,Charles ,Goodwin,Charles.T.Goodwin@pookmail.com,17/03/2016,21/11/2015
RJ4Ur,95,19 Shore Street,BOSTON,Cameron ,Murphy,Cameron.S.Murphy@dodgeit.com,25/01/2016,02/11/2015
Qb0Dx,69,32 Pier Road,BOSTON,Bradley ,Middleton,Bradley.A.Middleton@dodgeit.com,13/02/2016,02/12/2015
RtLd5,59,81 Wrexham Rd,AIKEN,Charlotte ,Robson,Charlotte.H.Robson@pookmail.com,02/06/2016,06/12/2015
YPMRU,64,37 Bouverie Road,CORINTH,Chelsea ,Warner,Chelsea.D.Warner@spambob.com,23/02/2016,08/11/2015