name,address,postcode,Phone,d.o.b,email,gender,ethnicity
J.Adams,63 Warner Close,CT14 9NS,070 8215 8945,02/12/1940,J.Adams@trashymail.com,m ,White
V.Bailey,10 Spilman Street,BT23 8SQ,070 0605 3789,06/11/1965,V.Bailey@pookmail.com,m ,Indian
B.Slater,62 Hindhead Road,NN17 5FE,077 6180 0215,02/01/1943,B.Slater@trashymail.com,f ,Pakistani & Other South Asian
C.Aiello,25 Sloe Lane,BS21 5ES ,070 8793 9237,11/06/1950,C.Aiello@spambob.com,f ,Chinese
V.Cloutier,51 Thirsk Road,YO12 7QP,079 7992 8219,06/04/1968,V.Cloutier@trashymail.com,f ,Other
Z.Joseph,57 Grenoble Road,PE37 8HB,070 0512 6740,17/05/1973,Z.Joseph@mailinator.com,m ,White
K.Combs,7 Gloucester Road,SA10 9BT,077 4772 7902,07/04/1979,K.Combs@dodgit.com,m ,Indian
R.Stewart,55 Bridge Street,SL6 3JX,070 4186 5655,16/04/1958,likeb@metro.com,f ,Pakistani & Other South Asian
Huls,21 Station Rd,DN39 6TQ,078 1084 6367,13/04/1981,Huls@trashymail.com,m ,Chinese
D.Cline,45 Lincoln Green Lane,SY25 6JL,077 1842 5980,17/12/1949,D.Cline@mailinator.com,m ,Other
A.Davis,93 Holburn Lane,TR1 1GB,070 6926 6733,05/10/1959,A.Davis@spambob.com,m ,White
H.Gordon,54 Main Rd,GL5 1TA,078 3747 3555,16/08/1984,H.Gordon@pookmail.com,f ,White
K.Ruiz,55 Guildford Rd,DE6 5JU,070 0024 3218,19/04/1957,K.Ruiz@spambob.com,f ,White
C.Bernardino,45 Henley Road,EH54 5DR,077 6043 2846,26/02/1967,C.Bernardino@trashymail.com,m ,White
C.Sanford,69 Fosse Way,GL3 4EN,079 3044 2054,26/02/1947,C.Sanford@trashymail.com,m ,White
W.Murray,33 Jedburgh Road,BH1 1PF,070 5999 0453,07/09/1940,W.Murray@trashymail.com,m ,White
J.Smith,38 Buckingham Rd,TA24 8DF,079 4653 1953,13/05/1972,J.Smith@mailinator.com,f ,White
o.Dyer,75 Wade Lane,SS3 9QY,079 5354 8439,11/07/1953,o.Dyer@dodgit.com,m ,White
B.Saffold,16 Wrexham Road,WS1 1EX,078 3862 6877,11/01/1966,B.Saffold@trashymail.com,f ,White
J.Scott,72 Cloch Rd,RG22 5BP,070 8517 2658,08/07/1970,J.Scott@pookmail.com,m ,Other
D.Phillips,40 Brynglas Road,RG7 6RQ,078 0720 9172,13/07/1954,D.Phillips@dodgit.com,f ,White
T.Church,95 Union Terrace,NG6 0LD,078 3837 0557,28/11/1972,T.Church@pookmail.com,f ,Indian
J.Zabel,73 Fosse Way,W1T 4PW,077 2321 7591,24/09/1959,J.Zabel@spambob.com,m ,Pakistani & Other South Asian
R.Harrison,33 Oxford Rd,DG1 3PL,079 7548 4828,21/02/1972,R.Harrison@spambob.com,f ,Pakistani & Other South Asian
J.Stone,82 Haslemere Road,GL11 6PA,079 0203 9531,03/06/1948,jeffg@jackson.com,f ,Pakistani & Other South Asian
L.Edgington,20 Graham Road,GU1 3TP,070 2194 4855,24/09/1982,L.Edgington@mailinator.com,f ,White
D.Dry,77 Sea Road,NN6 6EA,070 5679 6012,24/12/1969,D.Dry@dodgit.com,m ,Indian
T.Jones,84 South Western Terrace,SA18 2NL,077 6306 8318,18/10/1961,T.Jones@trashymail.com,f ,Indian
A.Delgado,21 Northgate Street,PR4 0YE,078 5285 8529,21/10/1980,A.Delgado@pookmail.com,m ,Indian
Eddie.C.Lawson,95 Great North Road,TN16 3JQ,078 7991 4558,14/11/1970,Eddie.C.Lawson@spambob.com,f ,Indian
O.Sanchez,31 Cloch Rd,WS3 2HF,070 7805 8468,13/10/1963,O.Sanchez@pookmail.com,f ,White
V.Holt,74 Shore Street,LA13 0PL,079 5925 8139,17/09/1981,V.Holt@trashymail.com,f ,Indian
M.Moses,42 Overton Circle,YO43 3LA,079 2978 6071,20/09/1949,M.Moses@pookmail.com,m ,Pakistani & Other South Asian
S.Hundt,13 Wartnaby Road,NP4 6AY,078 2296 3441,10/10/1966,S.Hundt@trashymail.com,m ,Chinese
I.Yocum,68 Kingsway North,DL14 0LS,077 7370 1786,25/02/1945,I.Yocum@dodgit.com,m ,Chinese
A.Kauffman,54 Red Lane,BT63 5FU,070 0394 7803,20/12/1977,A.Kauffman@mailinator.com,f ,Chinese
B.Jenkins,84 Consett Rd,BN22 8XG,077 1618 7933,24/02/1953,B.Jenkins@spambob.com,m ,Indian
R.Kramer,84 Stroud Rd,AL9 5DU,078 7481 1650,28/05/1984,R.Kramer@spambob.com,f ,Pakistani & Other South Asian
A.Williams,38 Hertingfordbury Rd,CV37 1GX,079 4993 4048,05/04/1949,A.Williams@trashymail.com,m ,Chinese
F.Hernandez,74 Fore St,GU30 7HB,077 6013 2537,07/06/1947,F.Hernandez@mailinator.com,m ,Other
L.Gilmer,40 Nottingham Rd,LE9 9QZ,077 1838 1966,14/05/1947,L.Gilmer@dodgit.com,f ,White
T.Marr,93 Boat Lane,GU21 2LQ,070 1074 7897,02/01/1969,T.Marr@trashymail.com,f ,White
C.Barry,13 Caxton Place,NE24 4AW,070 8396 9147,21/01/1945,C.Barry@spambob.com,m ,White
Y.Fleming,29 Prospect Hill,TN13 1PU,079 3910 8677,25/08/1964,Y.Fleming@spambob.com,f ,White
P.Humphreys,63 Trinity Crescent,EH2 1JE,079 3293 6533,27/02/1949,pam_owenby@hendricksontrading.com,m ,White
E.Gonzales,23 Victoria Road,DH7 0RP,077 4367 9279,13/03/1952,brenda@cardinal.net,m ,White
R.Watkins,73 Ash Lane,RG30 1BL,078 6410 8015,28/04/1965,R.Watkins@spambob.com,f ,White
J.Allen,69 Sea Road,LS11 1EL,078 4224 1049,05/07/1981,J.Allen@mailinator.com,f ,White
S.Herbert,22 Gloddaeth Street,SW13 8DU,078 3647 0682,16/09/1965,S.Herbert@pookmail.com,m ,White
L.Lantz,52 Moulton Road,SK7 2DL,078 6533 9225,08/05/1944,L.Lantz@spambob.com,m ,White
C.Hamill,76 Friar Street,NW1W 8EW,078 4608 3775,10/01/1965,C.Hamill@spambob.com,f ,White
M.Bayne,10 Crescent Avenue,SE1 9EY,070 1314 1503,24/03/1980,M.Bayne@mailinator.com,m ,Indian
C.Veras,2 Cunnery Rd,NG7 5NU,077 7413 1291,01/04/1977,C.Veras@spambob.com,f ,Pakistani & Other South Asian
K.Daluz,70 Gordon Terrace,SE5 8HE,078 1301 2901,28/09/1984,K.Daluz@spambob.com,m ,Chinese
M.Petersen,61 Ings Lane,SL1 3PG,079 8875 3185,14/05/1965,M.Petersen@pookmail.com,m ,Chinese
L.Metzger,93 Copthorne Way,NN16 6SU,077 2441 9780,28/08/1985,L.Metzger@mailinator.com,f ,Chinese
H.King,36 St Dunstans Street,CA12 5TJ,079 2776 3178,21/06/1980,H.King@pookmail.com,f ,Chinese
R.Minaya,83 Grenoble Road,LS12 5DD,079 6848 9758,06/05/1948,R.Minaya@mailinator.com,m ,Chinese
D.Springer,85 Lincoln Green Lane,DH9 7AZ,077 5327 0853,14/06/1960,D.Springer@mailinator.com,f ,Chinese
M.Spencer,57 Cloch Rd,NG2 9UQ,079 1153 7702,11/04/1974,M.Spencer@spambob.com,f ,Chinese